,Date,Y
0,2022/10/19 4:00,377808.03
1,2022/10/19 5:00,372632.5
2,2022/10/19 6:00,372717.25
3,2022/10/19 7:00,386194
4,2022/10/19 8:00,442563.47
5,2022/10/19 9:00,509745.94
6,2022/10/19 10:00,564971.5
7,2022/10/19 11:00,595789.1
8,2022/10/19 12:00,627413.06
9,2022/10/19 13:00,612829.5
10,2022/10/19 14:00,624774.94
11,2022/10/19 15:00,627414.8
12,2022/10/19 16:00,618141.9
13,2022/10/19 17:00,633033.06
14,2022/10/19 18:00,635329
15,2022/10/19 19:00,635362.94
16,2022/10/19 20:00,635364.7
17,2022/10/19 21:00,635361.44
18,2022/10/19 22:00,635291.5
19,2022/10/19 23:00,612499.44
20,2022/10/20 0:00,613083.4
21,2022/10/20 1:00,496763.34
22,2022/10/20 2:00,471549.94
23,2022/10/20 3:00,423670.2
24,2022/10/20 4:00,377110.16
25,2022/10/20 5:00,363264.16
26,2022/10/20 6:00,359859
27,2022/10/20 7:00,375028.97
28,2022/10/20 8:00,434073.88
29,2022/10/20 9:00,525971.94
30,2022/10/20 10:00,619210.6
31,2022/10/20 11:00,633492.7
32,2022/10/20 12:00,634761.7
33,2022/10/20 13:00,635254.3
34,2022/10/20 14:00,632086.3
35,2022/10/20 15:00,633813.9
36,2022/10/20 16:00,634913.75
37,2022/10/20 17:00,634826.6
38,2022/10/20 18:00,635266.5
39,2022/10/20 19:00,635351.44
40,2022/10/20 20:00,635360.44
41,2022/10/20 21:00,635358.6
42,2022/10/20 22:00,635189.3
43,2022/10/20 23:00,607241.7
44,2022/10/21 0:00,605028.6
45,2022/10/21 1:00,487713.3
46,2022/10/21 2:00,445776.7
47,2022/10/21 3:00,397571.7
48,2022/10/21 4:00,362882.53
49,2022/10/21 5:00,338820.25
50,2022/10/21 6:00,333769.38
51,2022/10/21 7:00,340136.8
52,2022/10/21 8:00,379922.25
53,2022/10/21 9:00,446877.2
54,2022/10/21 10:00,544118.75
55,2022/10/21 11:00,612561.06
56,2022/10/21 12:00,607747.1
57,2022/10/21 13:00,609044.75
58,2022/10/21 14:00,564919.44
59,2022/10/21 15:00,555781.5
60,2022/10/21 16:00,556526.1
61,2022/10/21 17:00,607850.7
62,2022/10/21 18:00,634768.3
63,2022/10/21 19:00,635309.1
64,2022/10/21 20:00,635336.56
65,2022/10/21 21:00,635316
66,2022/10/21 22:00,634554.5
67,2022/10/21 23:00,604100.4
68,2022/10/22 0:00,601807.3
69,2022/10/22 1:00,485114.2
70,2022/10/22 2:00,445301.75
71,2022/10/22 3:00,418285.88
72,2022/10/22 4:00,365437.72
73,2022/10/22 5:00,341518
74,2022/10/22 6:00,334347.06
75,2022/10/22 7:00,336394.88
76,2022/10/22 8:00,374631.8
77,2022/10/22 9:00,467507.3
78,2022/10/22 10:00,559208.6
79,2022/10/22 11:00,597030.4
80,2022/10/22 12:00,525804.94
81,2022/10/22 13:00,528378.8
82,2022/10/22 14:00,519997.25
83,2022/10/22 15:00,525649
84,2022/10/22 16:00,538679.7
85,2022/10/22 17:00,597097.25
86,2022/10/22 18:00,634946
87,2022/10/22 19:00,635317.56
88,2022/10/22 20:00,635345.4
89,2022/10/22 21:00,635324.75
90,2022/10/22 22:00,634994.8
91,2022/10/22 23:00,609389.94
92,2022/10/23 0:00,610070.2
93,2022/10/23 1:00,490182.56
94,2022/10/23 2:00,448276
95,2022/10/23 3:00,438206.53
96,2022/10/23 4:00,410695.8
97,2022/10/23 5:00,380647
98,2022/10/23 6:00,377841.8
99,2022/10/23 7:00,374762.88
100,2022/10/23 8:00,424003.1
101,2022/10/23 9:00,480921.12
102,2022/10/23 10:00,545556.7
103,2022/10/23 11:00,584398.25
104,2022/10/23 12:00,588272.3
105,2022/10/23 13:00,584452
106,2022/10/23 14:00,577029.8
107,2022/10/23 15:00,540817.4
108,2022/10/23 16:00,591318.9
109,2022/10/23 17:00,633170.9
110,2022/10/23 18:00,635290.56
111,2022/10/23 19:00,635350.6
112,2022/10/23 20:00,635360.1
113,2022/10/23 21:00,635355.8
114,2022/10/23 22:00,635231.75
115,2022/10/23 23:00,609625.94
116,2022/10/24 0:00,618046.5
117,2022/10/24 1:00,493155.47
118,2022/10/24 2:00,467785.06
119,2022/10/24 3:00,442479.38
120,2022/10/24 4:00,397900.7
121,2022/10/24 5:00,370448.7
122,2022/10/24 6:00,362111.84
123,2022/10/24 7:00,370887.12
124,2022/10/24 8:00,418111.9
125,2022/10/24 9:00,499794.44
126,2022/10/24 10:00,574966.8
127,2022/10/24 11:00,590569.25
128,2022/10/24 12:00,567398.2
129,2022/10/24 13:00,559896.5
130,2022/10/24 14:00,550147.4
131,2022/10/24 15:00,545787.7
132,2022/10/24 16:00,580624.75
133,2022/10/24 17:00,616477.7
134,2022/10/24 18:00,635260.25
135,2022/10/24 19:00,635353.4
136,2022/10/24 20:00,635362
137,2022/10/24 21:00,635359.25
138,2022/10/24 22:00,635311.06
139,2022/10/24 23:00,618656.25
140,2022/10/25 0:00,615581.06
141,2022/10/25 1:00,491075.88
142,2022/10/25 2:00,447918.56
143,2022/10/25 3:00,432862.66
144,2022/10/25 4:00,388126.16
145,2022/10/25 5:00,378365.8
146,2022/10/25 6:00,375536.56
147,2022/10/25 7:00,389776.16
148,2022/10/25 8:00,446840.16
149,2022/10/25 9:00,548422.94
150,2022/10/25 10:00,618641.6
151,2022/10/25 11:00,635205.4
152,2022/10/25 12:00,635232
153,2022/10/25 13:00,631705.6
154,2022/10/25 14:00,634775
155,2022/10/25 15:00,634604.1
156,2022/10/25 16:00,629905.8
157,2022/10/25 17:00,635273.25
158,2022/10/25 18:00,635361.4
159,2022/10/25 19:00,635365.4
160,2022/10/25 20:00,635366.7
161,2022/10/25 21:00,635366.06
162,2022/10/25 22:00,635345.1
163,2022/10/25 23:00,618234.1
164,2022/10/26 0:00,612258.5
165,2022/10/26 1:00,502112.78
166,2022/10/26 2:00,481894.5
167,2022/10/26 3:00,446810.62
168,2022/10/26 4:00,440462.94
169,2022/10/26 5:00,424894.1
170,2022/10/26 6:00,418688.22
171,2022/10/26 7:00,441492.03
172,2022/10/26 8:00,491759.06
173,2022/10/26 9:00,536369.56
174,2022/10/26 10:00,558350.25
175,2022/10/26 11:00,585364.25
176,2022/10/26 12:00,547962
177,2022/10/26 13:00,587393.75
178,2022/10/26 14:00,565478.4
179,2022/10/26 15:00,548097.25
180,2022/10/26 16:00,560083.1
181,2022/10/26 17:00,601302.9
182,2022/10/26 18:00,634792.25
183,2022/10/26 19:00,635356.94
184,2022/10/26 20:00,635365.2
185,2022/10/26 21:00,635361.2
186,2022/10/26 22:00,634906.4
187,2022/10/26 23:00,594777.5
188,2022/10/27 0:00,598958.8
189,2022/10/27 1:00,487075.25
190,2022/10/27 2:00,444536.94
191,2022/10/27 3:00,412920.38
192,2022/10/27 4:00,376355.56
193,2022/10/27 5:00,356957.22
194,2022/10/27 6:00,366276.6
195,2022/10/27 7:00,378562.1
196,2022/10/27 8:00,432919.62
197,2022/10/27 9:00,489912.12
198,2022/10/27 10:00,520154.3
199,2022/10/27 11:00,528730.4
200,2022/10/27 12:00,531430.06
201,2022/10/27 13:00,528555.25
202,2022/10/27 14:00,534513.9
203,2022/10/27 15:00,539245.1
204,2022/10/27 16:00,567213
205,2022/10/27 17:00,600471.25
206,2022/10/27 18:00,634330.8
207,2022/10/27 19:00,635349.7
208,2022/10/27 20:00,635359.3
209,2022/10/27 21:00,635341.4
210,2022/10/27 22:00,632621.9
211,2022/10/27 23:00,571096.25
212,2022/10/28 0:00,564421
213,2022/10/28 1:00,456523.78
214,2022/10/28 2:00,386085.38
215,2022/10/28 3:00,349836.7
216,2022/10/28 4:00,332185.3
217,2022/10/28 5:00,326836.84
218,2022/10/28 6:00,326265.72
219,2022/10/28 7:00,331835.66
220,2022/10/28 8:00,376194.75
221,2022/10/28 9:00,442849.75
222,2022/10/28 10:00,495713.72
223,2022/10/28 11:00,518123.6
224,2022/10/28 12:00,523125.28
225,2022/10/28 13:00,531359.3
226,2022/10/28 14:00,534080.6
227,2022/10/28 15:00,534810.1
228,2022/10/28 16:00,552400.44
229,2022/10/28 17:00,589526.25
230,2022/10/28 18:00,633237.1
231,2022/10/28 19:00,635291
232,2022/10/28 20:00,635337.3
233,2022/10/28 21:00,635309.25
234,2022/10/28 22:00,634584.3
235,2022/10/28 23:00,601919.4
236,2022/10/29 0:00,575062.1
237,2022/10/29 1:00,481437.53
238,2022/10/29 2:00,440313.2
239,2022/10/29 3:00,380089.84
240,2022/10/29 4:00,343970.2
241,2022/10/29 5:00,331875.44
242,2022/10/29 6:00,329215.44
243,2022/10/29 7:00,331295.06
244,2022/10/29 8:00,358142.75
245,2022/10/29 9:00,426632.7
246,2022/10/29 10:00,491567.72
247,2022/10/29 11:00,513920.7
248,2022/10/29 12:00,520158.94
249,2022/10/29 13:00,522017.22
250,2022/10/29 14:00,535034.3
251,2022/10/29 15:00,555165.4
252,2022/10/29 16:00,577835.75
253,2022/10/29 17:00,608254.94
254,2022/10/29 18:00,634813.6
255,2022/10/29 19:00,635306.8
256,2022/10/29 20:00,635316
257,2022/10/29 21:00,635221.56
258,2022/10/29 22:00,633022.25
259,2022/10/29 23:00,596312.8
260,2022/10/30 0:00,609457.75
261,2022/10/30 1:00,493119.16
262,2022/10/30 2:00,455694.75
263,2022/10/30 3:00,406040.4
264,2022/10/30 4:00,373920.75
265,2022/10/30 5:00,353381.62
266,2022/10/30 6:00,346521.3
267,2022/10/30 7:00,359306.25
268,2022/10/30 8:00,394566.66
269,2022/10/30 9:00,458791.94
270,2022/10/30 10:00,511317.72
271,2022/10/30 11:00,597513.9
272,2022/10/30 12:00,615337.75
273,2022/10/30 13:00,601415.9
274,2022/10/30 14:00,583019.44
275,2022/10/30 15:00,609657.6
276,2022/10/30 16:00,609556.2
277,2022/10/30 17:00,628085.94
278,2022/10/30 18:00,635312.44
279,2022/10/30 19:00,635353.9
280,2022/10/30 20:00,635361.3
281,2022/10/30 21:00,635356.94
282,2022/10/30 22:00,635275.06
283,2022/10/30 23:00,618750.6
284,2022/10/31 0:00,624133.25
285,2022/10/31 1:00,504211.9
286,2022/10/31 2:00,483347.66
287,2022/10/31 3:00,448821.25
288,2022/10/31 4:00,441243.5
289,2022/10/31 5:00,421426.44
290,2022/10/31 6:00,380619.38
291,2022/10/31 7:00,390764.75
292,2022/10/31 8:00,446792.3
293,2022/10/31 9:00,498118.75
294,2022/10/31 10:00,562057.56
295,2022/10/31 11:00,597868.3
296,2022/10/31 12:00,612262.3
297,2022/10/31 13:00,585059.5
298,2022/10/31 14:00,584601.8
299,2022/10/31 15:00,551685.25
300,2022/10/31 16:00,568329.2
301,2022/10/31 17:00,607638.1
302,2022/10/31 18:00,635147.7
303,2022/10/31 19:00,635332.94
304,2022/10/31 20:00,635346.25
305,2022/10/31 21:00,635304.75
306,2022/10/31 22:00,632220.6
307,2022/10/31 23:00,546137.6
308,2022/11/1 0:00,571419.94
309,2022/11/1 1:00,485935.94
310,2022/11/1 2:00,442342.1
311,2022/11/1 3:00,406538.25
312,2022/11/1 4:00,382069.84
313,2022/11/1 5:00,372607
314,2022/11/1 6:00,374896.56
315,2022/11/1 7:00,380411.28
316,2022/11/1 8:00,433087
317,2022/11/1 9:00,480883.72
318,2022/11/1 10:00,504571.28
319,2022/11/1 11:00,482347.84
320,2022/11/1 12:00,506965.5
321,2022/11/1 13:00,513197.84
322,2022/11/1 14:00,517501.38
323,2022/11/1 15:00,530797.9
324,2022/11/1 16:00,543625.56
325,2022/11/1 17:00,595249.44
326,2022/11/1 18:00,634636.9
327,2022/11/1 19:00,635361
328,2022/11/1 20:00,635365.1
329,2022/11/1 21:00,635362.56
330,2022/11/1 22:00,635209.1
331,2022/11/1 23:00,603817
332,2022/11/2 0:00,598711.75
333,2022/11/2 1:00,494491.28
334,2022/11/2 2:00,473105.9
335,2022/11/2 3:00,440064.53
336,2022/11/2 4:00,423514.4
337,2022/11/2 5:00,388060.3
338,2022/11/2 6:00,398175.34
339,2022/11/2 7:00,426621
340,2022/11/2 8:00,457686.2
341,2022/11/2 9:00,507403.62
342,2022/11/2 10:00,530423.6
343,2022/11/2 11:00,505379.06
344,2022/11/2 12:00,518806.78
345,2022/11/2 13:00,495403.1
346,2022/11/2 14:00,543253.4
347,2022/11/2 15:00,543264.8
348,2022/11/2 16:00,577855.1
349,2022/11/2 17:00,620232.25
350,2022/11/2 18:00,635318.8
351,2022/11/2 19:00,635362.25
352,2022/11/2 20:00,635365.3
353,2022/11/2 21:00,635358.5
354,2022/11/2 22:00,634435.25
355,2022/11/2 23:00,568450.9
356,2022/11/3 0:00,577880.5
357,2022/11/3 1:00,478360.9
358,2022/11/3 2:00,423453.25
359,2022/11/3 3:00,371278.25
360,2022/11/3 4:00,343008.7
361,2022/11/3 5:00,339256.47
362,2022/11/3 6:00,340858.2
363,2022/11/3 7:00,358749.47
364,2022/11/3 8:00,406893.2
365,2022/11/3 9:00,474901.6
366,2022/11/3 10:00,509901.34
367,2022/11/3 11:00,513051.38
368,2022/11/3 12:00,516399.8
369,2022/11/3 13:00,525456.75
370,2022/11/3 14:00,510629.88
371,2022/11/3 15:00,534207.1
372,2022/11/3 16:00,562079.4
373,2022/11/3 17:00,619497.6
374,2022/11/3 18:00,635180.2
375,2022/11/3 19:00,635345.2
376,2022/11/3 20:00,635354.2
377,2022/11/3 21:00,635317.7
378,2022/11/3 22:00,631507
379,2022/11/3 23:00,584195.56
380,2022/11/4 0:00,587368.75
381,2022/11/4 1:00,478376.44
382,2022/11/4 2:00,417762.97
383,2022/11/4 3:00,366211.16
384,2022/11/4 4:00,335985.28
385,2022/11/4 5:00,330521.25
386,2022/11/4 6:00,330334.2
387,2022/11/4 7:00,334258.38
388,2022/11/4 8:00,376824.5
389,2022/11/4 9:00,427178.38
390,2022/11/4 10:00,456407.2
391,2022/11/4 11:00,470723.62
392,2022/11/4 12:00,483722.94
393,2022/11/4 13:00,484671.94
394,2022/11/4 14:00,494753.47
395,2022/11/4 15:00,509151.03
396,2022/11/4 16:00,533594.56
397,2022/11/4 17:00,612156.1
398,2022/11/4 18:00,634755.1
399,2022/11/4 19:00,635287.94
400,2022/11/4 20:00,635322.56
401,2022/11/4 21:00,635221.1
402,2022/11/4 22:00,631154.1
403,2022/11/4 23:00,586405.9
404,2022/11/5 0:00,551591.25
405,2022/11/5 1:00,470563.5
406,2022/11/5 2:00,425816.06
407,2022/11/5 3:00,371724.97
408,2022/11/5 4:00,338715.28
409,2022/11/5 5:00,333016.4
410,2022/11/5 6:00,330233.12
411,2022/11/5 7:00,333316.4
412,2022/11/5 8:00,363117.6
413,2022/11/5 9:00,419038.28
414,2022/11/5 10:00,439667.03
415,2022/11/5 11:00,448790.72
416,2022/11/5 12:00,460784.38
417,2022/11/5 13:00,472389.25
418,2022/11/5 14:00,483859.72
419,2022/11/5 15:00,500373
420,2022/11/5 16:00,527173.4
421,2022/11/5 17:00,616915.94
422,2022/11/5 18:00,635031
423,2022/11/5 19:00,635302
424,2022/11/5 20:00,635326.56
425,2022/11/5 21:00,635307.6
426,2022/11/5 22:00,634814.7
427,2022/11/5 23:00,607103.25
428,2022/11/6 0:00,609291.06
429,2022/11/6 1:00,490754.97
430,2022/11/6 2:00,465673.22
431,2022/11/6 3:00,441108.7
432,2022/11/6 4:00,428363.22
433,2022/11/6 5:00,392672.4
434,2022/11/6 6:00,380105.03
435,2022/11/6 7:00,381377.44
436,2022/11/6 8:00,432185.94
437,2022/11/6 9:00,482644.16
438,2022/11/6 10:00,490422.7
439,2022/11/6 11:00,481293.7
440,2022/11/6 12:00,483829.7
441,2022/11/6 13:00,486647.12
442,2022/11/6 14:00,496099.72
443,2022/11/6 15:00,511999.47
444,2022/11/6 16:00,536627.25
445,2022/11/6 17:00,623300.5
446,2022/11/6 18:00,635261.6
447,2022/11/6 19:00,635348.2
448,2022/11/6 20:00,635360.6
449,2022/11/6 21:00,635357.25
450,2022/11/6 22:00,635274.44
451,2022/11/6 23:00,614712.8
452,2022/11/7 0:00,621955.56
453,2022/11/7 1:00,501043.75
454,2022/11/7 2:00,481619.4
455,2022/11/7 3:00,446684.3
456,2022/11/7 4:00,440083.2
457,2022/11/7 5:00,433241.16
458,2022/11/7 6:00,415600.97
459,2022/11/7 7:00,430862.25
460,2022/11/7 8:00,448609.84
461,2022/11/7 9:00,500582.28
462,2022/11/7 10:00,568612.94
463,2022/11/7 11:00,590280.6
464,2022/11/7 12:00,553618
465,2022/11/7 13:00,519062.9
466,2022/11/7 14:00,526061.9
467,2022/11/7 15:00,516289.78
468,2022/11/7 16:00,521919.25
469,2022/11/7 17:00,610193.5
470,2022/11/7 18:00,635310.2
471,2022/11/7 19:00,635356.8
472,2022/11/7 20:00,635363.4
473,2022/11/7 21:00,635362.6
474,2022/11/7 22:00,635334.1
475,2022/11/7 23:00,621975.25
476,2022/11/8 0:00,617488.1
477,2022/11/8 1:00,494332.78
478,2022/11/8 2:00,465658.8
479,2022/11/8 3:00,439756.22
480,2022/11/8 4:00,412965.03
481,2022/11/8 5:00,384884.6
482,2022/11/8 6:00,383964.47
483,2022/11/8 7:00,394090.5
484,2022/11/8 8:00,452948.5
485,2022/11/8 9:00,515384.56
486,2022/11/8 10:00,533256.7
487,2022/11/8 11:00,560423.3
488,2022/11/8 12:00,578692.2
489,2022/11/8 13:00,597963.25
490,2022/11/8 14:00,599304.8
491,2022/11/8 15:00,536470.94
492,2022/11/8 16:00,545687.3
493,2022/11/8 17:00,614260.3
494,2022/11/8 18:00,635358.9
495,2022/11/8 19:00,635366.5
496,2022/11/8 20:00,635367.5
497,2022/11/8 21:00,635366.9
498,2022/11/8 22:00,635347.7
499,2022/11/8 23:00,617714.7
500,2022/11/9 0:00,609379.44
501,2022/11/9 1:00,490360.8
502,2022/11/9 2:00,449957.8
503,2022/11/9 3:00,435256.88
504,2022/11/9 4:00,394825.5
505,2022/11/9 5:00,377318.5
506,2022/11/9 6:00,376052.16
507,2022/11/9 7:00,379279.84
508,2022/11/9 8:00,436337.84
509,2022/11/9 9:00,516319.75
510,2022/11/9 10:00,553233.9
511,2022/11/9 11:00,573039.2
512,2022/11/9 12:00,569817.44
513,2022/11/9 13:00,570603.7
514,2022/11/9 14:00,543474.7
515,2022/11/9 15:00,548768.5
516,2022/11/9 16:00,553981.5
517,2022/11/9 17:00,590904
518,2022/11/9 18:00,635339.06
519,2022/11/9 19:00,635359.6
520,2022/11/9 20:00,635362.1
521,2022/11/9 21:00,635328.94
522,2022/11/9 22:00,627012.7
523,2022/11/9 23:00,520696.4
524,2022/11/10 0:00,556377.9
525,2022/11/10 1:00,461793.16
526,2022/11/10 2:00,410455.2
527,2022/11/10 3:00,373306.56
528,2022/11/10 4:00,351972.3
529,2022/11/10 5:00,352677.12
530,2022/11/10 6:00,353326.25
531,2022/11/10 7:00,370200.22
532,2022/11/10 8:00,417071.06
533,2022/11/10 9:00,489542
534,2022/11/10 10:00,526705.9
535,2022/11/10 11:00,528536.06
536,2022/11/10 12:00,541891.44
537,2022/11/10 13:00,547368.94
538,2022/11/10 14:00,529629.56
539,2022/11/10 15:00,517008.72
540,2022/11/10 16:00,524351.5
541,2022/11/10 17:00,557753.75
542,2022/11/10 18:00,635208.4
543,2022/11/10 19:00,635351.75
544,2022/11/10 20:00,635360.8
545,2022/11/10 21:00,635355.1
546,2022/11/10 22:00,634633.1
547,2022/11/10 23:00,597991
548,2022/11/11 0:00,605592.1
549,2022/11/11 1:00,489713.75
550,2022/11/11 2:00,476363.5
551,2022/11/11 3:00,445079.22
552,2022/11/11 4:00,434557.88
553,2022/11/11 5:00,400383.72
554,2022/11/11 6:00,374259
555,2022/11/11 7:00,369248.22
556,2022/11/11 8:00,394921.84
557,2022/11/11 9:00,462332.4
558,2022/11/11 10:00,493538.53
559,2022/11/11 11:00,500990.84
560,2022/11/11 12:00,523083.38
561,2022/11/11 13:00,518332.47
562,2022/11/11 14:00,520148.06
563,2022/11/11 15:00,503996.7
564,2022/11/11 16:00,505511.4
565,2022/11/11 17:00,542500.3
566,2022/11/11 18:00,634190.1
567,2022/11/11 19:00,635282.94
568,2022/11/11 20:00,635328.4
569,2022/11/11 21:00,635266.6
570,2022/11/11 22:00,631266.1
571,2022/11/11 23:00,584488.44
572,2022/11/12 0:00,538410.3
573,2022/11/12 1:00,480766.9
574,2022/11/12 2:00,442052.8
575,2022/11/12 3:00,390741.4
576,2022/11/12 4:00,360884.34
577,2022/11/12 5:00,335659.72
578,2022/11/12 6:00,330655.2
579,2022/11/12 7:00,329183.94
580,2022/11/12 8:00,345438.88
581,2022/11/12 9:00,413542.3
582,2022/11/12 10:00,492742.8
583,2022/11/12 11:00,571695
584,2022/11/12 12:00,559968.9
585,2022/11/12 13:00,524049.88
586,2022/11/12 14:00,517483.5
587,2022/11/12 15:00,508000.06
588,2022/11/12 16:00,505158.16
589,2022/11/12 17:00,540712.3
590,2022/11/12 18:00,634254.3
591,2022/11/12 19:00,635229.8
592,2022/11/12 20:00,635271.9
593,2022/11/12 21:00,635183.4
594,2022/11/12 22:00,632974.8
595,2022/11/12 23:00,588874
596,2022/11/13 0:00,598135.06
597,2022/11/13 1:00,488826.5
598,2022/11/13 2:00,455635.62
599,2022/11/13 3:00,439190.94
600,2022/11/13 4:00,405897.44
601,2022/11/13 5:00,385265.22
602,2022/11/13 6:00,387353.3
603,2022/11/13 7:00,404091.03
604,2022/11/13 8:00,440515.9
605,2022/11/13 9:00,494775.44
606,2022/11/13 10:00,556330.6
607,2022/11/13 11:00,605138.5
608,2022/11/13 12:00,608637.75
609,2022/11/13 13:00,589897
610,2022/11/13 14:00,566227.4
611,2022/11/13 15:00,519434.75
612,2022/11/13 16:00,519815.66
613,2022/11/13 17:00,568527
614,2022/11/13 18:00,635207.8
615,2022/11/13 19:00,635346.1
616,2022/11/13 20:00,635360.5
617,2022/11/13 21:00,635358.25
618,2022/11/13 22:00,635280.94
619,2022/11/13 23:00,612885.6
620,2022/11/14 0:00,606931.1
621,2022/11/14 1:00,490008.44
622,2022/11/14 2:00,456458.03
623,2022/11/14 3:00,438084
624,2022/11/14 4:00,387375
625,2022/11/14 5:00,361508.03
626,2022/11/14 6:00,346232.22
627,2022/11/14 7:00,354022.25
628,2022/11/14 8:00,388714.25
629,2022/11/14 9:00,473288.88
630,2022/11/14 10:00,537885.1
631,2022/11/14 11:00,575826.5
632,2022/11/14 12:00,584400.4
633,2022/11/14 13:00,574375.6
634,2022/11/14 14:00,558731.25
635,2022/11/14 15:00,527315.44
636,2022/11/14 16:00,524859.9
637,2022/11/14 17:00,586413.9
638,2022/11/14 18:00,635183.75
639,2022/11/14 19:00,635329.75
640,2022/11/14 20:00,635335
641,2022/11/14 21:00,635171.06
642,2022/11/14 22:00,621566.8
643,2022/11/14 23:00,491219.8
644,2022/11/15 0:00,488740.6
645,2022/11/15 1:00,429854.7
646,2022/11/15 2:00,370084.75
647,2022/11/15 3:00,344987.53
648,2022/11/15 4:00,339662
649,2022/11/15 5:00,338409.8
650,2022/11/15 6:00,342480.97
651,2022/11/15 7:00,361117.8
652,2022/11/15 8:00,404264.8
653,2022/11/15 9:00,472201.12
654,2022/11/15 10:00,527189.06
655,2022/11/15 11:00,565395.6
656,2022/11/15 12:00,600755.5
657,2022/11/15 13:00,611350.4
658,2022/11/15 14:00,613729.5
659,2022/11/15 15:00,575541.2
660,2022/11/15 16:00,567189.2
661,2022/11/15 17:00,620487.5
662,2022/11/15 18:00,635355.94
663,2022/11/15 19:00,635365.7
664,2022/11/15 20:00,635366.56
665,2022/11/15 21:00,635353.8
666,2022/11/15 22:00,630184.06
667,2022/11/15 23:00,499854.22
668,2022/11/16 0:00,490142.44
669,2022/11/16 1:00,429200.44
670,2022/11/16 2:00,369095.47
671,2022/11/16 3:00,343490.5
672,2022/11/16 4:00,338441.75
673,2022/11/16 5:00,338323.06
674,2022/11/16 6:00,341760.53
675,2022/11/16 7:00,359041.38
676,2022/11/16 8:00,404768.56
677,2022/11/16 9:00,466126
678,2022/11/16 10:00,520732.12
679,2022/11/16 11:00,534398.4
680,2022/11/16 12:00,556195.06
681,2022/11/16 13:00,580777.25
682,2022/11/16 14:00,572333.94
683,2022/11/16 15:00,554855.9
684,2022/11/16 16:00,544810.1
685,2022/11/16 17:00,611340.56
686,2022/11/16 18:00,635310.44
687,2022/11/16 19:00,635355.25
688,2022/11/16 20:00,635358.06
689,2022/11/16 21:00,635254.9
690,2022/11/16 22:00,619579.56
691,2022/11/16 23:00,487478.3
692,2022/11/17 0:00,487982.06
693,2022/11/17 1:00,429297.7
694,2022/11/17 2:00,374035.94
695,2022/11/17 3:00,343417.06
696,2022/11/17 4:00,335226
697,2022/11/17 5:00,333630.2
698,2022/11/17 6:00,335983.12
699,2022/11/17 7:00,342808.78
700,2022/11/17 8:00,389456.12
701,2022/11/17 9:00,448735.53
702,2022/11/17 10:00,500323.75
703,2022/11/17 11:00,524670.9
704,2022/11/17 12:00,530365.44
705,2022/11/17 13:00,527071.94
706,2022/11/17 14:00,530326.1
707,2022/11/17 15:00,535562.1
708,2022/11/17 16:00,554764.7
709,2022/11/17 17:00,585753.44
710,2022/11/17 18:00,634818.5
711,2022/11/17 19:00,635304.3
712,2022/11/17 20:00,635307.56
713,2022/11/17 21:00,634723.25
714,2022/11/17 22:00,611529.5
715,2022/11/17 23:00,489209.56
716,2022/11/18 0:00,488164.44
717,2022/11/18 1:00,446626.78
718,2022/11/18 2:00,386819.34
719,2022/11/18 3:00,359525.56
720,2022/11/18 4:00,336537.38
721,2022/11/18 5:00,327200.06
722,2022/11/18 6:00,325526.28
723,2022/11/18 7:00,328914.9
724,2022/11/18 8:00,358599.94
725,2022/11/18 9:00,424114.8
726,2022/11/18 10:00,486499.53
727,2022/11/18 11:00,522200.38
728,2022/11/18 12:00,526064.3
729,2022/11/18 13:00,523537.62
730,2022/11/18 14:00,523941.7
731,2022/11/18 15:00,523797.94
732,2022/11/18 16:00,520741.3
733,2022/11/18 17:00,553989.7
734,2022/11/18 18:00,633274.7
735,2022/11/18 19:00,634982.5
736,2022/11/18 20:00,634969.56
737,2022/11/18 21:00,633169.4
738,2022/11/18 22:00,607293.8
739,2022/11/18 23:00,484357.97
740,2022/11/19 0:00,481633.16
741,2022/11/19 1:00,393004.16
742,2022/11/19 2:00,347969.56
743,2022/11/19 3:00,332423.34
744,2022/11/19 4:00,327411.2
745,2022/11/19 5:00,321605.47
746,2022/11/19 6:00,320021
747,2022/11/19 7:00,322235.16
748,2022/11/19 8:00,343484
749,2022/11/19 9:00,406884.44
750,2022/11/19 10:00,467300.28
751,2022/11/19 11:00,510489.12
752,2022/11/19 12:00,524656.06
753,2022/11/19 13:00,521553.94
754,2022/11/19 14:00,526119
755,2022/11/19 15:00,524086.78
756,2022/11/19 16:00,518741.8
757,2022/11/19 17:00,565130.8
758,2022/11/19 18:00,633003.1
759,2022/11/19 19:00,634998.1
760,2022/11/19 20:00,635117.1
761,2022/11/19 21:00,633126.6
762,2022/11/19 22:00,611160.75
763,2022/11/19 23:00,486916.1
764,2022/11/20 0:00,485762.78
765,2022/11/20 1:00,426313.97
766,2022/11/20 2:00,369138.8
767,2022/11/20 3:00,338601.7
768,2022/11/20 4:00,331159.03
769,2022/11/20 5:00,329997.5
770,2022/11/20 6:00,333350
771,2022/11/20 7:00,360888.06
772,2022/11/20 8:00,410865.3
773,2022/11/20 9:00,474995.8
774,2022/11/20 10:00,520424.53
775,2022/11/20 11:00,527913.8
776,2022/11/20 12:00,530913.44
777,2022/11/20 13:00,525466.75
778,2022/11/20 14:00,533251.2
779,2022/11/20 15:00,554604.9
780,2022/11/20 16:00,554967.2
781,2022/11/20 17:00,601683.8
782,2022/11/20 18:00,635108.75
783,2022/11/20 19:00,635336.6
784,2022/11/20 20:00,635354.3
785,2022/11/20 21:00,635222.8
786,2022/11/20 22:00,616774.75
787,2022/11/20 23:00,493557.56
788,2022/11/21 0:00,486332.9
789,2022/11/21 1:00,411598.34
790,2022/11/21 2:00,349244.97
791,2022/11/21 3:00,328926
792,2022/11/21 4:00,322904.28
793,2022/11/21 5:00,320877.06
794,2022/11/21 6:00,323445.44
795,2022/11/21 7:00,330964.06
796,2022/11/21 8:00,369437.7
797,2022/11/21 9:00,430288
798,2022/11/21 10:00,485167.66
799,2022/11/21 11:00,517454.53
800,2022/11/21 12:00,521755.7
801,2022/11/21 13:00,522574.22
802,2022/11/21 14:00,523449.53
803,2022/11/21 15:00,524162.75
804,2022/11/21 16:00,523027
805,2022/11/21 17:00,540343.4
806,2022/11/21 18:00,633308.1
807,2022/11/21 19:00,635197.1
808,2022/11/21 20:00,634896.75
809,2022/11/21 21:00,627469.06
810,2022/11/21 22:00,583589.2
811,2022/11/21 23:00,454568.56
812,2022/11/22 0:00,472225.03
813,2022/11/22 1:00,372579.12
814,2022/11/22 2:00,342727.4
815,2022/11/22 3:00,333119.62
816,2022/11/22 4:00,330368.28
817,2022/11/22 5:00,332566.47
818,2022/11/22 6:00,336776
819,2022/11/22 7:00,346539.84
820,2022/11/22 8:00,389494.66
821,2022/11/22 9:00,447338.44
822,2022/11/22 10:00,494363.06
823,2022/11/22 11:00,524758.94
824,2022/11/22 12:00,527365.8
825,2022/11/22 13:00,525160.7
826,2022/11/22 14:00,529807.8
827,2022/11/22 15:00,533002.2
828,2022/11/22 16:00,550902.6
829,2022/11/22 17:00,570936.44
830,2022/11/22 18:00,635040.4
831,2022/11/22 19:00,635351.2
832,2022/11/22 20:00,635323.25
833,2022/11/22 21:00,631652.75
834,2022/11/22 22:00,578177.44
835,2022/11/22 23:00,407662.75
836,2022/11/23 0:00,387947.94
837,2022/11/23 1:00,342501.75
838,2022/11/23 2:00,319349.2
839,2022/11/23 3:00,308774.75
840,2022/11/23 4:00,310594.4
841,2022/11/23 5:00,323210
842,2022/11/23 6:00,335390.56
843,2022/11/23 7:00,345024.56
844,2022/11/23 8:00,378518.3
845,2022/11/23 9:00,436715.03
846,2022/11/23 10:00,490924.97
847,2022/11/23 11:00,523183.5
848,2022/11/23 12:00,529900.5
849,2022/11/23 13:00,531666.9
850,2022/11/23 14:00,531957.56
851,2022/11/23 15:00,537775.4
852,2022/11/23 16:00,530475.7
853,2022/11/23 17:00,560556.56
854,2022/11/23 18:00,635053.06
855,2022/11/23 19:00,635345.94
856,2022/11/23 20:00,635333.2
857,2022/11/23 21:00,631195.7
858,2022/11/23 22:00,572089.25
859,2022/11/23 23:00,400931.22
860,2022/11/24 0:00,394380.7
861,2022/11/24 1:00,346076.25
862,2022/11/24 2:00,329174.53
863,2022/11/24 3:00,319518.97
864,2022/11/24 4:00,317238.78
865,2022/11/24 5:00,318822.47
866,2022/11/24 6:00,324798.47
867,2022/11/24 7:00,332135.78
868,2022/11/24 8:00,366287.84
869,2022/11/24 9:00,434692.75
870,2022/11/24 10:00,495063.3
871,2022/11/24 11:00,518697.03
872,2022/11/24 12:00,521708.6
873,2022/11/24 13:00,525552.1
874,2022/11/24 14:00,528003.06
875,2022/11/24 15:00,531200.94
876,2022/11/24 16:00,524547.1
877,2022/11/24 17:00,549450.3
878,2022/11/24 18:00,633744.06
879,2022/11/24 19:00,635299.56
880,2022/11/24 20:00,635323
881,2022/11/24 21:00,635170.9
882,2022/11/24 22:00,627033.6
883,2022/11/24 23:00,541007.1
884,2022/11/25 0:00,502019.94
885,2022/11/25 1:00,482904.88
886,2022/11/25 2:00,445514
887,2022/11/25 3:00,429952.66
888,2022/11/25 4:00,359177.62
889,2022/11/25 5:00,327700.3
890,2022/11/25 6:00,329176.8
891,2022/11/25 7:00,330117.34
892,2022/11/25 8:00,359426.1
893,2022/11/25 9:00,436398.5
894,2022/11/25 10:00,491156.47
895,2022/11/25 11:00,515998.8
896,2022/11/25 12:00,521218.4
897,2022/11/25 13:00,520589.06
898,2022/11/25 14:00,522652.78
899,2022/11/25 15:00,524025.2
900,2022/11/25 16:00,520839.22
901,2022/11/25 17:00,541985.3
902,2022/11/25 18:00,626123.06
903,2022/11/25 19:00,634514.75
904,2022/11/25 20:00,634698.7
905,2022/11/25 21:00,631751.75
906,2022/11/25 22:00,605960.1
907,2022/11/25 23:00,486945.16
908,2022/11/26 0:00,482578.2
909,2022/11/26 1:00,402459.9
910,2022/11/26 2:00,353237.06
911,2022/11/26 3:00,328924.8
912,2022/11/26 4:00,321154.6
913,2022/11/26 5:00,319380.03
914,2022/11/26 6:00,319435.78
915,2022/11/26 7:00,320721.62
916,2022/11/26 8:00,332307.75
917,2022/11/26 9:00,397965.72
918,2022/11/26 10:00,469474.06
919,2022/11/26 11:00,504790.28
920,2022/11/26 12:00,519011.34
921,2022/11/26 13:00,521628
922,2022/11/26 14:00,521974.25
923,2022/11/26 15:00,524201.72
924,2022/11/26 16:00,522266.25
925,2022/11/26 17:00,545123
926,2022/11/26 18:00,625585.8
927,2022/11/26 19:00,634375.7
928,2022/11/26 20:00,634420.25
929,2022/11/26 21:00,630543.1
930,2022/11/26 22:00,597954.6
931,2022/11/26 23:00,475461.8
932,2022/11/27 0:00,462882.25
933,2022/11/27 1:00,372550.03
934,2022/11/27 2:00,335433.44
935,2022/11/27 3:00,326841.53
936,2022/11/27 4:00,323188.28
937,2022/11/27 5:00,324898.94
938,2022/11/27 6:00,330045.66
939,2022/11/27 7:00,337668.06
940,2022/11/27 8:00,375328.06
941,2022/11/27 9:00,431491.25
942,2022/11/27 10:00,478998.2
943,2022/11/27 11:00,519051.78
944,2022/11/27 12:00,532421
945,2022/11/27 13:00,535405.94
946,2022/11/27 14:00,536306.7
947,2022/11/27 15:00,538215.06
948,2022/11/27 16:00,535740.3
949,2022/11/27 17:00,558773.75
950,2022/11/27 18:00,632868.1
951,2022/11/27 19:00,635212
952,2022/11/27 20:00,635133.7
953,2022/11/27 21:00,630445.6
954,2022/11/27 22:00,594115.9
955,2022/11/27 23:00,453592.38
956,2022/11/28 0:00,473095.72
957,2022/11/28 1:00,405563.88
958,2022/11/28 2:00,353162.25
959,2022/11/28 3:00,344234.56
960,2022/11/28 4:00,339515.6
961,2022/11/28 5:00,336434.34
962,2022/11/28 6:00,336706.47
963,2022/11/28 7:00,345584.88
964,2022/11/28 8:00,382046.8
965,2022/11/28 9:00,456921
966,2022/11/28 10:00,515037.84
967,2022/11/28 11:00,529680.6
968,2022/11/28 12:00,534597
969,2022/11/28 13:00,536001.1
970,2022/11/28 14:00,536888.94
971,2022/11/28 15:00,535124.8
972,2022/11/28 16:00,536720.25
973,2022/11/28 17:00,552247.4
974,2022/11/28 18:00,634908.75
975,2022/11/28 19:00,635335.5
976,2022/11/28 20:00,635349
977,2022/11/28 21:00,635290.2
978,2022/11/28 22:00,630161.6
979,2022/11/28 23:00,540917.25
980,2022/11/29 0:00,539621.4
981,2022/11/29 1:00,477663.88
982,2022/11/29 2:00,437706.44
983,2022/11/29 3:00,390595
984,2022/11/29 4:00,371356.1
985,2022/11/29 5:00,364658.06
986,2022/11/29 6:00,367457.38
987,2022/11/29 7:00,377368.16
988,2022/11/29 8:00,414539.38
989,2022/11/29 9:00,471263.7
990,2022/11/29 10:00,531184.6
991,2022/11/29 11:00,540916
992,2022/11/29 12:00,544287.5
993,2022/11/29 13:00,540673.56
994,2022/11/29 14:00,537768.3
995,2022/11/29 15:00,541300.1
996,2022/11/29 16:00,547843.1
997,2022/11/29 17:00,582300.3
998,2022/11/29 18:00,635036.25
999,2022/11/29 19:00,635345.94
1000,2022/11/29 20:00,635347.1
1001,2022/11/29 21:00,635219.6
1002,2022/11/29 22:00,611970.2
1003,2022/11/29 23:00,482362.22
1004,2022/11/30 0:00,477735
1005,2022/11/30 1:00,389411.88
1006,2022/11/30 2:00,355968.4
1007,2022/11/30 3:00,342178.94
1008,2022/11/30 4:00,338651
1009,2022/11/30 5:00,336862.9
1010,2022/11/30 6:00,340607
1011,2022/11/30 7:00,353349.34
1012,2022/11/30 8:00,390238.2
1013,2022/11/30 9:00,450422.3
1014,2022/11/30 10:00,506791.62
1015,2022/11/30 11:00,535177.1
1016,2022/11/30 12:00,541844.9
1017,2022/11/30 13:00,540887.6
1018,2022/11/30 14:00,541359.1
1019,2022/11/30 15:00,540740.56
1020,2022/11/30 16:00,543052.7
1021,2022/11/30 17:00,576792.1
1022,2022/11/30 18:00,634143.3
1023,2022/11/30 19:00,635307.6
1024,2022/11/30 20:00,635319.6
1025,2022/11/30 21:00,633996.56
1026,2022/11/30 22:00,600329.7
1027,2022/11/30 23:00,473494.72
1028,2022/12/1 0:00,574576.8
1029,2022/12/1 1:00,488258.38
1030,2022/12/1 2:00,448583.78
1031,2022/12/1 3:00,424579.03
1032,2022/12/1 4:00,385514.16
1033,2022/12/1 5:00,362314.6
1034,2022/12/1 6:00,346785.66
1035,2022/12/1 7:00,360978.8
1036,2022/12/1 8:00,399829.88
1037,2022/12/1 9:00,471105.53
1038,2022/12/1 10:00,516845.5
1039,2022/12/1 11:00,524470.94
1040,2022/12/1 12:00,530314.8
1041,2022/12/1 13:00,533195.06
1042,2022/12/1 14:00,528378.7
1043,2022/12/1 15:00,533172.25
1044,2022/12/1 16:00,531653.8
1045,2022/12/1 17:00,555015.9
1046,2022/12/1 18:00,629530.5
1047,2022/12/1 19:00,635105.2
1048,2022/12/1 20:00,635237.6
1049,2022/12/1 21:00,634637.56
1050,2022/12/1 22:00,613512.56
1051,2022/12/1 23:00,498575.2
1052,2022/12/2 0:00,492120.66
1053,2022/12/2 1:00,465326.06
1054,2022/12/2 2:00,430661.7
1055,2022/12/2 3:00,370705.7
1056,2022/12/2 4:00,337751.2
1057,2022/12/2 5:00,329167.8
1058,2022/12/2 6:00,327661.25
1059,2022/12/2 7:00,329995.47
1060,2022/12/2 8:00,355143.9
1061,2022/12/2 9:00,420686.34
1062,2022/12/2 10:00,486827.4
1063,2022/12/2 11:00,513413.8
1064,2022/12/2 12:00,517863.8
1065,2022/12/2 13:00,519882.06
1066,2022/12/2 14:00,518689.94
1067,2022/12/2 15:00,523479.53
1068,2022/12/2 16:00,533121.44
1069,2022/12/2 17:00,539192.06
1070,2022/12/2 18:00,622349.25
1071,2022/12/2 19:00,633930.9
1072,2022/12/2 20:00,634159.25
1073,2022/12/2 21:00,629240.6
1074,2022/12/2 22:00,603055.9
1075,2022/12/2 23:00,485370.53
1076,2022/12/3 0:00,482295.3
1077,2022/12/3 1:00,426816.28
1078,2022/12/3 2:00,378527.22
1079,2022/12/3 3:00,336940.12
1080,2022/12/3 4:00,323692.28
1081,2022/12/3 5:00,320939
1082,2022/12/3 6:00,319454.03
1083,2022/12/3 7:00,321344.12
1084,2022/12/3 8:00,330539.44
1085,2022/12/3 9:00,394489.22
1086,2022/12/3 10:00,452176.38
1087,2022/12/3 11:00,500892.88
1088,2022/12/3 12:00,517551.25
1089,2022/12/3 13:00,519211.06
1090,2022/12/3 14:00,519480.62
1091,2022/12/3 15:00,529505.1
1092,2022/12/3 16:00,532413.1
1093,2022/12/3 17:00,555799.4
1094,2022/12/3 18:00,618697.8
1095,2022/12/3 19:00,633395.4
1096,2022/12/3 20:00,632300
1097,2022/12/3 21:00,624405.4
1098,2022/12/3 22:00,599196.94
1099,2022/12/3 23:00,483282.56
1100,2022/12/4 0:00,482335.62
1101,2022/12/4 1:00,407827.6
1102,2022/12/4 2:00,361441.84
1103,2022/12/4 3:00,335197.53
1104,2022/12/4 4:00,330157.34
1105,2022/12/4 5:00,328291.3
1106,2022/12/4 6:00,331535.25
1107,2022/12/4 7:00,338044.38
1108,2022/12/4 8:00,374127.5
1109,2022/12/4 9:00,433582.53
1110,2022/12/4 10:00,494252.53
1111,2022/12/4 11:00,519191.66
1112,2022/12/4 12:00,519547.25
1113,2022/12/4 13:00,523082.16
1114,2022/12/4 14:00,531049.3
1115,2022/12/4 15:00,529675.25
1116,2022/12/4 16:00,529808.6
1117,2022/12/4 17:00,557257.44
1118,2022/12/4 18:00,633380.94
1119,2022/12/4 19:00,635303.75
1120,2022/12/4 20:00,635256.8
1121,2022/12/4 21:00,630800.6
1122,2022/12/4 22:00,586366.4
1123,2022/12/4 23:00,429330.75
1124,2022/12/5 0:00,429891.62
1125,2022/12/5 1:00,363121.03
1126,2022/12/5 2:00,336293.94
1127,2022/12/5 3:00,327163.16
1128,2022/12/5 4:00,322008.25
1129,2022/12/5 5:00,323940.06
1130,2022/12/5 6:00,330364.8
1131,2022/12/5 7:00,337882.47
1132,2022/12/5 8:00,374998
1133,2022/12/5 9:00,436774.22
1134,2022/12/5 10:00,477092.34
1135,2022/12/5 11:00,518456.72
1136,2022/12/5 12:00,525969.75
1137,2022/12/5 13:00,525451.44
1138,2022/12/5 14:00,525870
1139,2022/12/5 15:00,520897.66
1140,2022/12/5 16:00,518832.5
1141,2022/12/5 17:00,549300.6
1142,2022/12/5 18:00,634945.25
1143,2022/12/5 19:00,635317.1
1144,2022/12/5 20:00,635254.2
1145,2022/12/5 21:00,631745.5
1146,2022/12/5 22:00,595485
1147,2022/12/5 23:00,429632.34
1148,2022/12/6 0:00,419506.28
1149,2022/12/6 1:00,352675.03
1150,2022/12/6 2:00,333141.03
1151,2022/12/6 3:00,324673.34
1152,2022/12/6 4:00,326559.62
1153,2022/12/6 5:00,331263.72
1154,2022/12/6 6:00,338101.62
1155,2022/12/6 7:00,348012.72
1156,2022/12/6 8:00,379630.66
1157,2022/12/6 9:00,431190.2
1158,2022/12/6 10:00,488884.9
1159,2022/12/6 11:00,522616.66
1160,2022/12/6 12:00,529135.5
1161,2022/12/6 13:00,531270.75
1162,2022/12/6 14:00,532495.94
1163,2022/12/6 15:00,527488.9
1164,2022/12/6 16:00,526409.94
1165,2022/12/6 17:00,577782.1
1166,2022/12/6 18:00,635221.06
1167,2022/12/6 19:00,635353.4
1168,2022/12/6 20:00,635321.1
1169,2022/12/6 21:00,632159.44
1170,2022/12/6 22:00,576099.25
1171,2022/12/6 23:00,400519.7
1172,2022/12/7 0:00,385495.62
1173,2022/12/7 1:00,344870.12
1174,2022/12/7 2:00,330452.44
1175,2022/12/7 3:00,323879.38
1176,2022/12/7 4:00,325576.47
1177,2022/12/7 5:00,331439
1178,2022/12/7 6:00,337352.47
1179,2022/12/7 7:00,346162.2
1180,2022/12/7 8:00,380569.5
1181,2022/12/7 9:00,431333.84
1182,2022/12/7 10:00,485347.12
1183,2022/12/7 11:00,521694.44
1184,2022/12/7 12:00,528553.6
1185,2022/12/7 13:00,532019.1
1186,2022/12/7 14:00,534326.2
1187,2022/12/7 15:00,531618.44
1188,2022/12/7 16:00,524345.75
1189,2022/12/7 17:00,551987.8
1190,2022/12/7 18:00,633099.2
1191,2022/12/7 19:00,635319.9
1192,2022/12/7 20:00,635286.8
1193,2022/12/7 21:00,631473.25
1194,2022/12/7 22:00,582114.5
1195,2022/12/7 23:00,444065.06
1196,2022/12/8 0:00,451693.2
1197,2022/12/8 1:00,362021.22
1198,2022/12/8 2:00,333346.12
1199,2022/12/8 3:00,323282.66
1200,2022/12/8 4:00,318942.88
1201,2022/12/8 5:00,319690.34
1202,2022/12/8 6:00,324440.28
1203,2022/12/8 7:00,333826.7
1204,2022/12/8 8:00,367207.47
1205,2022/12/8 9:00,432930.5
1206,2022/12/8 10:00,493878.16
1207,2022/12/8 11:00,520185.28
1208,2022/12/8 12:00,522358.38
1209,2022/12/8 13:00,525651.5
1210,2022/12/8 14:00,526415.56
1211,2022/12/8 15:00,525632.9
1212,2022/12/8 16:00,524911.7
1213,2022/12/8 17:00,543209.9
1214,2022/12/8 18:00,631764.75
1215,2022/12/8 19:00,635188.8
1216,2022/12/8 20:00,635033.9
1217,2022/12/8 21:00,628211.1
1218,2022/12/8 22:00,583998.3
1219,2022/12/8 23:00,419383.8
1220,2022/12/9 0:00,390767.56
1221,2022/12/9 1:00,338883.25
1222,2022/12/9 2:00,321022.22
1223,2022/12/9 3:00,316195.62
1224,2022/12/9 4:00,314885.56
1225,2022/12/9 5:00,315742.75
1226,2022/12/9 6:00,318257.94
1227,2022/12/9 7:00,323991.1
1228,2022/12/9 8:00,346445.8
1229,2022/12/9 9:00,408993.28
1230,2022/12/9 10:00,460933.75
1231,2022/12/9 11:00,506012.1
1232,2022/12/9 12:00,519781.34
1233,2022/12/9 13:00,522460.8
1234,2022/12/9 14:00,522974.28
1235,2022/12/9 15:00,523035.2
1236,2022/12/9 16:00,519933.25
1237,2022/12/9 17:00,540857.5
1238,2022/12/9 18:00,622628.9
1239,2022/12/9 19:00,632875.4
1240,2022/12/9 20:00,632416
1241,2022/12/9 21:00,622721.75
1242,2022/12/9 22:00,590312.06
1243,2022/12/9 23:00,426867.47
1244,2022/12/10 0:00,391755.62
1245,2022/12/10 1:00,331810.2
1246,2022/12/10 2:00,317917.62
1247,2022/12/10 3:00,312632.94
1248,2022/12/10 4:00,311335.03
1249,2022/12/10 5:00,312944.6
1250,2022/12/10 6:00,316145
1251,2022/12/10 7:00,320619.1
1252,2022/12/10 8:00,343036
1253,2022/12/10 9:00,403728.7
1254,2022/12/10 10:00,448551.66
1255,2022/12/10 11:00,493649.75
1256,2022/12/10 12:00,515455.2
1257,2022/12/10 13:00,514096.06
1258,2022/12/10 14:00,517320.97
1259,2022/12/10 15:00,519845
1260,2022/12/10 16:00,521934.5
1261,2022/12/10 17:00,546050
1262,2022/12/10 18:00,626585.1
1263,2022/12/10 19:00,634051.06
1264,2022/12/10 20:00,633096.6
1265,2022/12/10 21:00,618171.06
1266,2022/12/10 22:00,572281.7
1267,2022/12/10 23:00,414088.97
1268,2022/12/11 0:00,409512.8
1269,2022/12/11 1:00,348620.56
1270,2022/12/11 2:00,331010.47
1271,2022/12/11 3:00,321417.3
1272,2022/12/11 4:00,318011.5
1273,2022/12/11 5:00,322335.12
1274,2022/12/11 6:00,330129.75
1275,2022/12/11 7:00,337639.28
1276,2022/12/11 8:00,371151.88
1277,2022/12/11 9:00,419795.7
1278,2022/12/11 10:00,467760.4
1279,2022/12/11 11:00,510829.4
1280,2022/12/11 12:00,522456.66
1281,2022/12/11 13:00,526195.06
1282,2022/12/11 14:00,524880.7
1283,2022/12/11 15:00,525443.9
1284,2022/12/11 16:00,526829.9
1285,2022/12/11 17:00,545750
1286,2022/12/11 18:00,632666.56
1287,2022/12/11 19:00,635165.94
1288,2022/12/11 20:00,635241.94
1289,2022/12/11 21:00,635168.9
1290,2022/12/11 22:00,626215.44
1291,2022/12/11 23:00,535111.8
1292,2022/12/12 0:00,551626.9
1293,2022/12/12 1:00,484282.2
1294,2022/12/12 2:00,446089.88
1295,2022/12/12 3:00,410784.3
1296,2022/12/12 4:00,381032.3
1297,2022/12/12 5:00,368086.1
1298,2022/12/12 6:00,376243.28
1299,2022/12/12 7:00,391627.66
1300,2022/12/12 8:00,435187.66
1301,2022/12/12 9:00,470451.7
1302,2022/12/12 10:00,505961.84
1303,2022/12/12 11:00,522873.03
1304,2022/12/12 12:00,523786.9
1305,2022/12/12 13:00,522306.38
1306,2022/12/12 14:00,519541.53
1307,2022/12/12 15:00,516820.25
1308,2022/12/12 16:00,526261.6
1309,2022/12/12 17:00,596073.9
1310,2022/12/12 18:00,635139.9
1311,2022/12/12 19:00,635326.25
1312,2022/12/12 20:00,635325.75
1313,2022/12/12 21:00,635056.3
1314,2022/12/12 22:00,622665.1
1315,2022/12/12 23:00,493064.66
1316,2022/12/13 0:00,499046.72
1317,2022/12/13 1:00,450035.03
1318,2022/12/13 2:00,375544.25
1319,2022/12/13 3:00,354325.47
1320,2022/12/13 4:00,345065.06
1321,2022/12/13 5:00,342676.5
1322,2022/12/13 6:00,343421
1323,2022/12/13 7:00,364277.2
1324,2022/12/13 8:00,397952.72
1325,2022/12/13 9:00,459256.94
1326,2022/12/13 10:00,507680.75
1327,2022/12/13 11:00,520837.75
1328,2022/12/13 12:00,527708.2
1329,2022/12/13 13:00,530327
1330,2022/12/13 14:00,534622.25
1331,2022/12/13 15:00,537248.4
1332,2022/12/13 16:00,556110.2
1333,2022/12/13 17:00,597936.94
1334,2022/12/13 18:00,634934.9
1335,2022/12/13 19:00,635350.75
1336,2022/12/13 20:00,635347.9
1337,2022/12/13 21:00,635106.5
1338,2022/12/13 22:00,612126.9
1339,2022/12/13 23:00,487732.94
1340,2022/12/14 0:00,485491.28
1341,2022/12/14 1:00,410740.62
1342,2022/12/14 2:00,358443.34
1343,2022/12/14 3:00,336618.62
1344,2022/12/14 4:00,334060
1345,2022/12/14 5:00,334604.5
1346,2022/12/14 6:00,338198.9
1347,2022/12/14 7:00,349012.8
1348,2022/12/14 8:00,390592.5
1349,2022/12/14 9:00,449164.53
1350,2022/12/14 10:00,497490.3
1351,2022/12/14 11:00,523923.56
1352,2022/12/14 12:00,524202.7
1353,2022/12/14 13:00,531271.6
1354,2022/12/14 14:00,534471.8
1355,2022/12/14 15:00,539234.56
1356,2022/12/14 16:00,548428.6
1357,2022/12/14 17:00,569224.56
1358,2022/12/14 18:00,633575.75
1359,2022/12/14 19:00,635349.75
1360,2022/12/14 20:00,635344.56
1361,2022/12/14 21:00,635079.9
1362,2022/12/14 22:00,608873.6
1363,2022/12/14 23:00,485639.75
1364,2022/12/15 0:00,485979.25
1365,2022/12/15 1:00,426256
1366,2022/12/15 2:00,376639.66
1367,2022/12/15 3:00,352246.8
1368,2022/12/15 4:00,339470.44
1369,2022/12/15 5:00,336262.7
1370,2022/12/15 6:00,337520.53
1371,2022/12/15 7:00,349691.1
1372,2022/12/15 8:00,394952.66
1373,2022/12/15 9:00,458917.06
1374,2022/12/15 10:00,503009
1375,2022/12/15 11:00,522544.72
1376,2022/12/15 12:00,526274.25
1377,2022/12/15 13:00,524176.88
1378,2022/12/15 14:00,527001.9
1379,2022/12/15 15:00,524848.06
1380,2022/12/15 16:00,548445.94
1381,2022/12/15 17:00,602120.94
1382,2022/12/15 18:00,634504.94
1383,2022/12/15 19:00,635323.75
1384,2022/12/15 20:00,635334.9
1385,2022/12/15 21:00,634962.9
1386,2022/12/15 22:00,617613
1387,2022/12/15 23:00,494925.56
1388,2022/12/16 0:00,500689.28
1389,2022/12/16 1:00,439162.2
1390,2022/12/16 2:00,373464.6
1391,2022/12/16 3:00,337004.2
1392,2022/12/16 4:00,325992.56
1393,2022/12/16 5:00,322392.56
1394,2022/12/16 6:00,322361.16
1395,2022/12/16 7:00,328005.16
1396,2022/12/16 8:00,355182.56
1397,2022/12/16 9:00,421164.53
1398,2022/12/16 10:00,484804.12
1399,2022/12/16 11:00,518191.78
1400,2022/12/16 12:00,522499.53
1401,2022/12/16 13:00,523575.88
1402,2022/12/16 14:00,525290.7
1403,2022/12/16 15:00,526280.25
1404,2022/12/16 16:00,524280.4
1405,2022/12/16 17:00,556080.4
1406,2022/12/16 18:00,632783.1
1407,2022/12/16 19:00,635170.56
1408,2022/12/16 20:00,635144.25
1409,2022/12/16 21:00,632380.2
1410,2022/12/16 22:00,602676.75
1411,2022/12/16 23:00,480035.75
1412,2022/12/17 0:00,471249.25
1413,2022/12/17 1:00,372497.28
1414,2022/12/17 2:00,331409.34
1415,2022/12/17 3:00,320273.88
1416,2022/12/17 4:00,317324.1
1417,2022/12/17 5:00,316605.62
1418,2022/12/17 6:00,317770.88
1419,2022/12/17 7:00,320229.56
1420,2022/12/17 8:00,333176.12
1421,2022/12/17 9:00,401442.25
1422,2022/12/17 10:00,463871.2
1423,2022/12/17 11:00,506420.6
1424,2022/12/17 12:00,520350.16
1425,2022/12/17 13:00,522184.56
1426,2022/12/17 14:00,523233.88
1427,2022/12/17 15:00,524390.3
1428,2022/12/17 16:00,520266.97
1429,2022/12/17 17:00,548799.44
1430,2022/12/17 18:00,632395.44
1431,2022/12/17 19:00,635128.94
1432,2022/12/17 20:00,635117.6
1433,2022/12/17 21:00,632502.75
1434,2022/12/17 22:00,608740.06
1435,2022/12/17 23:00,479471.44
1436,2022/12/18 0:00,468074.34
1437,2022/12/18 1:00,379396.06
1438,2022/12/18 2:00,343370.88
1439,2022/12/18 3:00,334671.75
1440,2022/12/18 4:00,329894.94
1441,2022/12/18 5:00,330649.66
1442,2022/12/18 6:00,334374.06
1443,2022/12/18 7:00,341103.94
1444,2022/12/18 8:00,374753.06
1445,2022/12/18 9:00,430102.62
1446,2022/12/18 10:00,479288.56
1447,2022/12/18 11:00,517049.53
1448,2022/12/18 12:00,524906.06
1449,2022/12/18 13:00,529172.4
1450,2022/12/18 14:00,531736.6
1451,2022/12/18 15:00,535796.1
1452,2022/12/18 16:00,526810.9
1453,2022/12/18 17:00,554903.9
1454,2022/12/18 18:00,633875.3
1455,2022/12/18 19:00,635291.2
1456,2022/12/18 20:00,635321.75
1457,2022/12/18 21:00,634886.2
1458,2022/12/18 22:00,615176.44
1459,2022/12/18 23:00,485553.97
1460,2022/12/19 0:00,486459.3
1461,2022/12/19 1:00,436638.94
1462,2022/12/19 2:00,376432.8
1463,2022/12/19 3:00,344102.8
1464,2022/12/19 4:00,336393.4
1465,2022/12/19 5:00,334301.1
1466,2022/12/19 6:00,335855.03
1467,2022/12/19 7:00,341412.3
1468,2022/12/19 8:00,376923.34
1469,2022/12/19 9:00,439622.38
1470,2022/12/19 10:00,481872.1
1471,2022/12/19 11:00,517789.38
1472,2022/12/19 12:00,523547.56
1473,2022/12/19 13:00,526969.25
1474,2022/12/19 14:00,530091
1475,2022/12/19 15:00,534444.25
1476,2022/12/19 16:00,526958.6
1477,2022/12/19 17:00,554882.8
1478,2022/12/19 18:00,632350.8
1479,2022/12/19 19:00,635047.8
1480,2022/12/19 20:00,635137.1
1481,2022/12/19 21:00,633973
1482,2022/12/19 22:00,620870.75
1483,2022/12/19 23:00,496516.25
1484,2022/12/20 0:00,493651.34
1485,2022/12/20 1:00,441549.75
1486,2022/12/20 2:00,384251.6
1487,2022/12/20 3:00,360336.62
1488,2022/12/20 4:00,345359.7
1489,2022/12/20 5:00,342695.53
1490,2022/12/20 6:00,347365.22
1491,2022/12/20 7:00,370636.53
1492,2022/12/20 8:00,411831.97
1493,2022/12/20 9:00,470853.88
1494,2022/12/20 10:00,519345.25
1495,2022/12/20 11:00,530200.8
1496,2022/12/20 12:00,533182.9
1497,2022/12/20 13:00,534940.25
1498,2022/12/20 14:00,537905.8
1499,2022/12/20 15:00,538332.25
1500,2022/12/20 16:00,531269.9
1501,2022/12/20 17:00,554544
1502,2022/12/20 18:00,635068.06
1503,2022/12/20 19:00,635357.94
1504,2022/12/20 20:00,635363.94
1505,2022/12/20 21:00,635350.75
1506,2022/12/20 22:00,633508.1
1507,2022/12/20 23:00,550317.06
1508,2022/12/21 0:00,546393.8
1509,2022/12/21 1:00,470639.5
1510,2022/12/21 2:00,425932.53
1511,2022/12/21 3:00,376699.3
1512,2022/12/21 4:00,355563.06
1513,2022/12/21 5:00,346692.72
1514,2022/12/21 6:00,352263.25
1515,2022/12/21 7:00,374354.22
1516,2022/12/21 8:00,417683.4
1517,2022/12/21 9:00,476026.7
1518,2022/12/21 10:00,521294.44
1519,2022/12/21 11:00,530279.75
1520,2022/12/21 12:00,532152.44
1521,2022/12/21 13:00,532510.4
1522,2022/12/21 14:00,530889.7
1523,2022/12/21 15:00,531894.94
1524,2022/12/21 16:00,537516.6
1525,2022/12/21 17:00,563306.75
1526,2022/12/21 18:00,635043.2
1527,2022/12/21 19:00,635361.25
1528,2022/12/21 20:00,635364.2
1529,2022/12/21 21:00,635340.4
1530,2022/12/21 22:00,629587.25
1531,2022/12/21 23:00,532349.1
1532,2022/12/22 0:00,576582.25
1533,2022/12/22 1:00,476467.8
1534,2022/12/22 2:00,428591.5
1535,2022/12/22 3:00,376497.38
1536,2022/12/22 4:00,348144.22
1537,2022/12/22 5:00,340483.44
1538,2022/12/22 6:00,341211.53
1539,2022/12/22 7:00,354110.2
1540,2022/12/22 8:00,387155.3
1541,2022/12/22 9:00,448792.12
1542,2022/12/22 10:00,500019.12
1543,2022/12/22 11:00,525274.1
1544,2022/12/22 12:00,531724
1545,2022/12/22 13:00,534053.5
1546,2022/12/22 14:00,529305.8
1547,2022/12/22 15:00,534243.75
1548,2022/12/22 16:00,530920
1549,2022/12/22 17:00,559060.06
1550,2022/12/22 18:00,634096.75
1551,2022/12/22 19:00,635316.9
1552,2022/12/22 20:00,635309.25
1553,2022/12/22 21:00,634395.5
1554,2022/12/22 22:00,606371.06
1555,2022/12/22 23:00,488549.6
1556,2022/12/23 0:00,482814.25
1557,2022/12/23 1:00,410033.66
1558,2022/12/23 2:00,337248.94
1559,2022/12/23 3:00,321231.47
1560,2022/12/23 4:00,317788.22
1561,2022/12/23 5:00,317376.75
1562,2022/12/23 6:00,319051.28
1563,2022/12/23 7:00,324884.53
1564,2022/12/23 8:00,347385.06
1565,2022/12/23 9:00,414195.7
1566,2022/12/23 10:00,471313.62
1567,2022/12/23 11:00,505822.97
1568,2022/12/23 12:00,519993.8
1569,2022/12/23 13:00,520028
1570,2022/12/23 14:00,521114.5
1571,2022/12/23 15:00,532987.75
1572,2022/12/23 16:00,538735.2
1573,2022/12/23 17:00,538111.25
1574,2022/12/23 18:00,624937.1
1575,2022/12/23 19:00,634719.25
1576,2022/12/23 20:00,634710.44
1577,2022/12/23 21:00,629911.75
1578,2022/12/23 22:00,598153.7
1579,2022/12/23 23:00,460272.3
1580,2022/12/24 0:00,423150.28
1581,2022/12/24 1:00,357012.03
1582,2022/12/24 2:00,326315.34
1583,2022/12/24 3:00,318662.78
1584,2022/12/24 4:00,317027.7
1585,2022/12/24 5:00,317684.25
1586,2022/12/24 6:00,319000.8
1587,2022/12/24 7:00,322741.8
1588,2022/12/24 8:00,337390.75
1589,2022/12/24 9:00,406601.38
1590,2022/12/24 10:00,460144.3
1591,2022/12/24 11:00,497623.6
1592,2022/12/24 12:00,517997.88
1593,2022/12/24 13:00,520248.7
1594,2022/12/24 14:00,520817.88
1595,2022/12/24 15:00,521328.47
1596,2022/12/24 16:00,521366.75
1597,2022/12/24 17:00,540211.9
1598,2022/12/24 18:00,630724.06
1599,2022/12/24 19:00,634846.25
1600,2022/12/24 20:00,634386.3
1601,2022/12/24 21:00,625568.7
1602,2022/12/24 22:00,591086.6
1603,2022/12/24 23:00,435184.97
1604,2022/12/25 0:00,433873.34
1605,2022/12/25 1:00,359442.88
1606,2022/12/25 2:00,335766.75
1607,2022/12/25 3:00,327496.66
1608,2022/12/25 4:00,324414.5
1609,2022/12/25 5:00,326629.34
1610,2022/12/25 6:00,331518.28
1611,2022/12/25 7:00,337876.25
1612,2022/12/25 8:00,370029.8
1613,2022/12/25 9:00,420227.25
1614,2022/12/25 10:00,472319.53
1615,2022/12/25 11:00,512971.7
1616,2022/12/25 12:00,521978.16
1617,2022/12/25 13:00,524546.8
1618,2022/12/25 14:00,525209.5
1619,2022/12/25 15:00,526159.06
1620,2022/12/25 16:00,522428.84
1621,2022/12/25 17:00,542504.25
1622,2022/12/25 18:00,631571.3
1623,2022/12/25 19:00,634997.06
1624,2022/12/25 20:00,634712.75
1625,2022/12/25 21:00,627626.8
1626,2022/12/25 22:00,573155.5
1627,2022/12/25 23:00,428721.56
1628,2022/12/26 0:00,399877.34
1629,2022/12/26 1:00,346241.2
1630,2022/12/26 2:00,329424.53
1631,2022/12/26 3:00,321487.56
1632,2022/12/26 4:00,320101.12
1633,2022/12/26 5:00,322058.1
1634,2022/12/26 6:00,328405.12
1635,2022/12/26 7:00,336762.5
1636,2022/12/26 8:00,369366.72
1637,2022/12/26 9:00,425633.6
1638,2022/12/26 10:00,476323.88
1639,2022/12/26 11:00,504730.94
1640,2022/12/26 12:00,519392.72
1641,2022/12/26 13:00,521021.8
1642,2022/12/26 14:00,519606.25
1643,2022/12/26 15:00,521055.1
1644,2022/12/26 16:00,531355.7
1645,2022/12/26 17:00,544936.44
1646,2022/12/26 18:00,631244.3
1647,2022/12/26 19:00,635182.9
1648,2022/12/26 20:00,635091.1
1649,2022/12/26 21:00,632818.9
1650,2022/12/26 22:00,606032.8
1651,2022/12/26 23:00,487736.06
1652,2022/12/27 0:00,491751.62
1653,2022/12/27 1:00,442193.56
1654,2022/12/27 2:00,382280
1655,2022/12/27 3:00,354969.72
1656,2022/12/27 4:00,340374.84
1657,2022/12/27 5:00,339301.06
1658,2022/12/27 6:00,342875.44
1659,2022/12/27 7:00,363681.75
1660,2022/12/27 8:00,394220.75
1661,2022/12/27 9:00,466459.84
1662,2022/12/27 10:00,518245.12
1663,2022/12/27 11:00,525178.94
1664,2022/12/27 12:00,526726.75
1665,2022/12/27 13:00,527788
1666,2022/12/27 14:00,527872.75
1667,2022/12/27 15:00,538233.7
1668,2022/12/27 16:00,556066.4
1669,2022/12/27 17:00,609137.9
1670,2022/12/27 18:00,635216.6
1671,2022/12/27 19:00,635362.9
1672,2022/12/27 20:00,635363.3
1673,2022/12/27 21:00,635306
1674,2022/12/27 22:00,621552.4
1675,2022/12/27 23:00,499874.9
1676,2022/12/28 0:00,506083.25
1677,2022/12/28 1:00,437835.34
1678,2022/12/28 2:00,373202.72
1679,2022/12/28 3:00,348345
1680,2022/12/28 4:00,341150.62
1681,2022/12/28 5:00,339773.16
1682,2022/12/28 6:00,342394.78
1683,2022/12/28 7:00,358027.97
1684,2022/12/28 8:00,393214.34
1685,2022/12/28 9:00,457779.88
1686,2022/12/28 10:00,515054.2
1687,2022/12/28 11:00,527188.2
1688,2022/12/28 12:00,529926.75
1689,2022/12/28 13:00,532381.56
1690,2022/12/28 14:00,533361.25
1691,2022/12/28 15:00,535613
1692,2022/12/28 16:00,531557.75
1693,2022/12/28 17:00,553746.6
1694,2022/12/28 18:00,635264
1695,2022/12/28 19:00,635364.5
1696,2022/12/28 20:00,635360.7
1697,2022/12/28 21:00,635175.9
1698,2022/12/28 22:00,610341.5
1699,2022/12/28 23:00,483512.97
1700,2022/12/29 0:00,484780.25
1701,2022/12/29 1:00,411896.3
1702,2022/12/29 2:00,352706.56
1703,2022/12/29 3:00,330740.7
1704,2022/12/29 4:00,321447.47
1705,2022/12/29 5:00,320778.3
1706,2022/12/29 6:00,323581
1707,2022/12/29 7:00,332422.5
1708,2022/12/29 8:00,362652.03
1709,2022/12/29 9:00,437478.25
1710,2022/12/29 10:00,496163.38
1711,2022/12/29 11:00,520987.22
1712,2022/12/29 12:00,524148.47
1713,2022/12/29 13:00,526323.6
1714,2022/12/29 14:00,528424.06
1715,2022/12/29 15:00,530793.4
1716,2022/12/29 16:00,522420.16
1717,2022/12/29 17:00,545308.25
1718,2022/12/29 18:00,635045.6
1719,2022/12/29 19:00,635348.7
1720,2022/12/29 20:00,635325.7
1721,2022/12/29 21:00,634761.75
1722,2022/12/29 22:00,612998.94
1723,2022/12/29 23:00,485856.94
1724,2022/12/30 0:00,482399.8
1725,2022/12/30 1:00,407627.3
1726,2022/12/30 2:00,341706.28
1727,2022/12/30 3:00,323585.9
1728,2022/12/30 4:00,318199.94
1729,2022/12/30 5:00,317019
1730,2022/12/30 6:00,317424.56
1731,2022/12/30 7:00,318529.25
1732,2022/12/30 8:00,323160.94
1733,2022/12/30 9:00,379704.22
1734,2022/12/30 10:00,460690.84
1735,2022/12/30 11:00,495186.4
1736,2022/12/30 12:00,515965.8
1737,2022/12/30 13:00,518694.97
1738,2022/12/30 14:00,520539.62
1739,2022/12/30 15:00,521290.06
1740,2022/12/30 16:00,516619.44
1741,2022/12/30 17:00,529555.2
1742,2022/12/30 18:00,623653.6
1743,2022/12/30 19:00,631109.75
1744,2022/12/30 20:00,626892.25
1745,2022/12/30 21:00,603079
1746,2022/12/30 22:00,488236.78
1747,2022/12/30 23:00,362669.34